翔太,ショウタ,しょうた,Shouta
美咲,ミサキ,みさき,Misaki
蓮,レン,れん,Ren
結衣,ユイ,ゆい,Yui
大翔,ヒロト,ひろと,Hiroto
紗羅,サラ,さら,Sara
悠斗,ユウト,ゆうと,Yuuto
明日香,アスカ,あすか,Asuka
拓海,タクミ,たくみ,Takumi
桜,サクラ,さくら,Sakura
颯太,ソウタ,そうた,Souta
陽菜,ヒナ,ひな,Hina
海斗,カイト,かいと,Kaito
結菜,ユナ,ゆな,Yuna
陽斗,ハルト,はると,Haruto
芽依,メイ,めい,Mei
隼人,ハヤト,はやと,Hayato
咲良,サクラ,さくら,Sakura
湊,ミナト,みなと,Minato
奏多,カナタ,かなた,Kanata
蒼空,ソラ,そら,Sora
真綾,マアヤ,まあや,Maaya
智也,トモヤ,ともや,Tomoya
愛美,マナミ,まなみ,Manami
陸斗,リクト,りくと,Rikuto
理子,リコ,りこ,Riko
涼太,リョウタ,りょうた,Ryouta
美月,ミヅキ,みづき,Mizuki
翼,ツバサ,つばさ,Tsubasa
絢音,アヤネ,あやね,Ayane
一輝,イッキ,いっき,Ikki
美紀,ミキ,みき,Miki
雄大,ユウダイ,ゆうだい,Yuudai
愛梨,アイリ,あいり,Airi
大輔,ダイスケ,だいすけ,Daisuke
美優,ミユ,みゆ,Miyu
康平,コウヘイ,こうへい,Kouhei
梨花,リカ,りか,Rika
優斗,ユウト,ゆうと,Yuuto
理沙,リサ,りさ,Risa
大樹,タイキ,たいき,Taiki
彩乃,アヤノ,あやの,Ayano
駿,シュン,しゅん,Shun
朱里,アカリ,あかり,Akari
隼,シュン,しゅん,Shun
葵,アオイ,あおい,Aoi
慶太,ケイタ,けいた,Keita
莉子,リコ,りこ,Riko
琉生,リュウセイ,りゅうせい,Ryuusei
明日美,アスミ,あすみ,Asumi
哲也,テツヤ,てつや,Tetsuya
彩,アヤ,あや,Aya
広大,コウダイ,こうだい,Koudai
千夏,チナツ,ちなつ,Chinatsu
和真,カズマ,かずま,Kazuma
千佳,チカ,ちか,Chika
遥斗,ハルト,はると,Haruto
花音,カノン,かのん,Kanon
拓実,タクミ,たくみ,Takumi
未央,ミオ,みお,Mio
俊介,シュンスケ,しゅんすけ,Shunsuke
七海,ナナミ,ななみ,Nanami
陽一,ヨウイチ,よういち,Youichi
理沙,リサ,りさ,Risa
雄也,ユウヤ,ゆうや,Yuuya
佑奈,ユウナ,ゆうな,Yuuna
亮,リョウ,りょう,Ryou
美波,ミナミ,みなみ,Minami
敦士,アツシ,あつし,Atsushi
芽生,メイ,めい,Mei
翔,カケル,かける,Kakeru
明日香,アスカ,あすか,Asuka
剛,ツヨシ,つよし,Tsuyoshi
遥,ハルカ,はるか,Haruka
隼人,ハヤト,はやと,Hayato
愛菜,アイナ,あいな,Aina
翼,ツバサ,つばさ,Tsubasa
真央,マオ,まお,Mao
遼,リョウ,りょう,Ryou
梓,アズサ,あずさ,Azusa
壮馬,ソウマ,そうま,Souma
美緒,ミオ,みお,Mio
亮太,リョウタ,りょうた,Ryouta
美桜,ミオウ,みおう,Miou
涼,リョウ,りょう,Ryou
莉子,リコ,りこ,Riko
仁,ジン,じん,Jin
真子,マコ,まこ,Mako
拓海,タクミ,たくみ,Takumi
絵里,エリ,えり,Eri
賢,ケン,けん,Ken
愛莉,アイリ,あいり,Airi
駿,シュン,しゅん,Shun
菜々子,ナナコ,ななこ,Nanako
悠真,ユウマ,ゆうま,Yuuma
春香,ハルカ,はるか,Haruka
雄大,ユウダイ,ゆうだい,Yuudai
航,ワタル,わたる,Wataru
菜摘,ナツミ,なつみ,Natsumi
健太,ケンタ,けんた,Kenta
智哉,トモヤ,ともや,Tomoya
陽葵,ヒナタ,ひなた,Hinata
聡太,ソウタ,そうた,Souta
梨奈,リナ,りな,Rina
大和,ヤマト,やまと,Yamato
華,ハナ,はな,Hana
一樹,イツキ,いつき,Itsuki
桃子,モモコ,ももこ,Momoko
涼介,リョウスケ,りょうすけ,Ryousuke
春花,ハルカ,はるか,Haruka
快斗,カイト,かいと,Kaito
星奈,ホシナ,ほしな,Hoshina
勇斗,ユウト,ゆうと,Yuuto
琴音,コトネ,ことね,Kotone
大志,タイシ,たいし,Taishi
七瀬,ナナセ,ななせ,Nanase
悠人,ユウト,ゆうと,Yuuto
結衣,ユイ,ゆい,Yui
新,アラタ,あらた,Arata
花梨,カリン,かりん,Karin
歩夢,アユム,あゆむ,Ayumu
夏希,ナツキ,なつき,Natsuki
晃大,コウダイ,こうだい,Koudai
美羽,ミウ,みう,Miu
和也,カズヤ,かずや,Kazuya
佳苗,カナエ,かなえ,Kanae
悠斗,ユウト,ゆうと,Yuuto
結月,ユヅキ,ゆづき,Yuzuki
直樹,ナオキ,なおき,Naoki
絢香,アヤカ,あやか,Ayaka
晃,アキラ,あきら,Akira
愛結,アユ,あゆ,Ayu
輝,テル,てる,Teru
明香,アカリ,あかり,Akari
仁志,ヒトシ,ひとし,Hitoshi
心美,ココミ,ここみ,Kokomi
宏太,コウタ,こうた,Kouta
桃菜,モモナ,ももな,Momona
蓮,レン,れん,Ren
彩花,アヤカ,あやか,Ayaka
海斗,カイト,かいと,Kaito
恵美,エミ,えみ,Emi
翔陽,ショウヨウ,しょうよう,Shouyou
純,ジュン,じゅん,Jun
芽衣,メイ,めい,Mei
雄太,ユウタ,ゆうた,Yuuta
陽菜,ハルナ,はるな,Haruna
慶,ケイ,けい,Kei
真希,マキ,まき,Maki
大翔,ヒロト,ひろと,Hiroto
佑真,ユウマ,ゆうま,Yuuma
菜月,ナヅキ,なづき,Nazuki
雅人,マサト,まさと,Masato
理子,リコ,りこ,Riko
智也,トモヤ,ともや,Tomoya
芽依,メイ,めい,Mei
諒,リョウ,りょう,Ryou
愛美,アイミ,あいみ,Aimi
健,タケシ,たけし,Takeshi
美月,ミヅキ,みづき,Mizuki
康平,コウヘイ,こうへい,Kouhei
葵,アオイ,あおい,Aoi
大輝,ダイキ,だいき,Daiki
菜々美,ナナミ,ななみ,Nanami
篤志,アツシ,あつし,Atsushi
真由,マユ,まゆ,Mayu
創,ツクル,つくる,Tsukuru
優花,ユウカ,ゆうか,Yuuka
賢太郎,ケンタロウ,けんたろう,Kentarou
明美,アケミ,あけみ,Akemi
直哉,ナオヤ,なおや,Naoya
真緒,マオ,まお,Mao
誠,マコト,まこと,Makoto
楓,カエデ,かえで,Kaede
聖也,セイヤ,せいや,Seiya
桜,サクラ,さくら,Sakura
太一,タイチ,たいち,Taichi
真央,マオ,まお,Mao
勇気,ユウキ,ゆうき,Yuuki
恵,メグミ,めぐみ,Megumi
勝,カツ,かつ,Katsu
美咲,ミサキ,みさき,Misaki
涼平,リョウヘイ,りょうへい,Ryouhei
亜美,アミ,あみ,Ami
聡,サトシ,さとし,Satoshi
優衣,ユイ,ゆい,Yui
隼,ハヤト,はやと,Hayato
紗由理,サユリ,さゆり,Sayuri
陽太,ヨウタ,ようた,Youta
莉緒,リオ,りお,Rio
聡明,ソウメイ,そうめい,Soumei
麻衣,マイ,まい,Mai
涼太,リョウタ,りょうた,Ryouta
桜子,サクラコ,さくらこ,Sakurako
悠,ハルカ,はるか,Haruka
絵梨,エリ,えり,Eri
大樹,タイジュ,たいじゅ,Taiju
愛梨,アイリ,あいり,Airi
雄大,ユウダイ,ゆうだい,Yuudai
奈々,,,